dt,device_type,search_origin,search_destination,search_route,search_adult_count,search_child_count,search_cabin_class,search_type,search_departure_date,search_arrival_date,is_marked_as_eco_option,currency,amount,unit,operating_carrier,booking_type,latitude_deg_origin,longitude_deg_origin,iso_country_origin,iata_code_origin,latitude_deg_dest,longitude_deg_dest,iso_country_dest,iata_code_dest,distance_miles
2022-02-05,IOS,GRU,EDI,GRU-EDI,1.0,0.0,ECONOMY,return,2022-09-26,2022-11-29,TRUE,BRL,383100.0,CENTI,-32222,REDIRECT,-23.431944,-46.467778,BR,GRU,55.950145,-3.372288,GB,EDI,6037.588244412737
2022-02-05,IOS,LHR,EDI,LHR-EDI,1.0,0.0,ECONOMY,oneway,2022-07-18,,TRUE,NZD,29900.0,CENTI,-32480,REDIRECT,51.4706,-0.461941,GB,LHR,55.950145,-3.372288,GB,EDI,331.5269422004703
2022-02-05,IOS,LHR,EDI,LHR-EDI,1.0,0.0,ECONOMY,oneway,2022-07-18,,TRUE,NZD,29900.0,CENTI,-32480,DIRECT_BOOKING,51.4706,-0.461941,GB,LHR,55.950145,-3.372288,GB,EDI,331.5269422004703
2022-02-05,IOS,LHR,EDI,LOND-EDI,2.0,0.0,ECONOMY,oneway,2022-06-05,,TRUE,AUD,20300.0,CENTI,-32356,REDIRECT,51.4706,-0.461941,GB,LHR,55.950145,-3.372288,GB,EDI,331.5269422004703
2022-02-05,IOS,LHR,EDI,LOND-EDI,1.0,0.0,ECONOMY,oneway,2022-02-05,,TRUE,GBP,10100.0,CENTI,-32356,REDIRECT,51.4706,-0.461941,GB,LHR,55.950145,-3.372288,GB,EDI,331.5269422004703
2022-02-05,IOS,LHR,EDI,LOND-EDI,1.0,0.0,ECONOMY,oneway,2022-02-05,,TRUE,GBP,10100.0,CENTI,-32356,DIRECT_BOOKING,51.4706,-0.461941,GB,LHR,55.950145,-3.372288,GB,EDI,331.5269422004703
2022-02-05,IOS,LHR,EDI,LOND-EDI,1.0,0.0,ECONOMY,oneway,2022-06-05,,TRUE,GBP,5600.0,CENTI,-32356,REDIRECT,51.4706,-0.461941,GB,LHR,55.950145,-3.372288,GB,EDI,331.5269422004703
2022-02-05,IOS,LHR,EDI,LOND-EDI,1.0,0.0,ECONOMY,oneway,2022-06-05,,TRUE,GBP,5600.0,CENTI,-32356,DIRECT_BOOKING,51.4706,-0.461941,GB,LHR,55.950145,-3.372288,GB,EDI,331.5269422004703
2022-02-05,IOS,LHR,EDI,LOND-EDI,1.0,0.0,ECONOMY,mutli_city,2022-06-23,2022-06-29,TRUE,GBP,6900.0,CENTI,-32356,REDIRECT,51.4706,-0.461941,GB,LHR,55.950145,-3.372288,GB,EDI,331.5269422004703
2022-02-05,IOS,LHR,EDI,LOND-EDI,2.0,0.0,ECONOMY,return,2022-06-13,2022-06-17,TRUE,GBP,12000.0,CENTI,-32356,REDIRECT,51.4706,-0.461941,GB,LHR,55.950145,-3.372288,GB,EDI,331.5269422004703
2022-02-05,IOS,LHR,EDI,LOND-EDI,2.0,0.0,ECONOMY,return,2022-06-13,2022-06-17,TRUE,GBP,12000.0,CENTI,-32356,DIRECT_BOOKING,51.4706,-0.461941,GB,LHR,55.950145,-3.372288,GB,EDI,331.5269422004703
2022-02-05,IOS,LHR,EDI,LOND-EDI,1.0,0.0,ECONOMY,return,2022-03-06,2022-06-06,TRUE,GBP,5400.0,CENTI,-32356,REDIRECT,51.4706,-0.461941,GB,LHR,55.950145,-3.372288,GB,EDI,331.5269422004703
2022-02-05,IOS,LHR,EDI,LOND-EDI,1.0,0.0,ECONOMY,return,2022-03-06,2022-06-06,TRUE,GBP,5400.0,CENTI,-32356,DIRECT_BOOKING,51.4706,-0.461941,GB,LHR,55.950145,-3.372288,GB,EDI,331.5269422004703
2021-03-05,IOS,LHR,EDI,LOND-EDI,1.0,0.0,ECONOMY,return,2021-05-22,2021-05-24,TRUE,GBP,12900.0,CENTI,-32480,REDIRECT,51.4706,-0.461941,GB,LHR,55.950145,-3.372288,GB,EDI,331.5269422004703
2022-02-05,IOS,LHR,EDI,LOND-EDI,1.0,0.0,ECONOMY,return,2022-05-05,2022-08-05,TRUE,GBP,14000.0,CENTI,-32356,REDIRECT,51.4706,-0.461941,GB,LHR,55.950145,-3.372288,GB,EDI,331.5269422004703
2022-02-05,IOS,LHR,EDI,LOND-EDI,1.0,0.0,ECONOMY,return,2022-05-05,2022-08-05,TRUE,GBP,14000.0,CENTI,-32356,DIRECT_BOOKING,51.4706,-0.461941,GB,LHR,55.950145,-3.372288,GB,EDI,331.5269422004703
2022-02-05,IOS,LHR,EDI,LOND-EDI,2.0,0.0,ECONOMY,oneway,2022-02-05,,TRUE,GBP,24200.0,CENTI,-32356,REDIRECT,51.4706,-0.461941,GB,LHR,55.950145,-3.372288,GB,EDI,331.5269422004703
2022-02-05,IOS,LHR,EDI,LOND-EDI,3.0,0.0,ECONOMY,return,2022-12-16,2022-12-18,TRUE,GBP,22500.0,CENTI,-32356,REDIRECT,51.4706,-0.461941,GB,LHR,55.950145,-3.372288,GB,EDI,331.5269422004703
2022-02-05,IOS,LHR,EDI,LOND-EDI,3.0,0.0,ECONOMY,return,2022-12-16,2022-12-18,TRUE,GBP,22500.0,CENTI,-32356,DIRECT_BOOKING,51.4706,-0.461941,GB,LHR,55.950145,-3.372288,GB,EDI,331.5269422004703
2022-02-05,IOS,LHR,EDI,LOND-EDI,7.0,3.0,ECONOMY,oneway,2022-07-20,,TRUE,GBP,29700.0,CENTI,-32356,REDIRECT,51.4706,-0.461941,GB,LHR,55.950145,-3.372288,GB,EDI,331.5269422004703
2022-02-05,IOS,LHR,EDI,LOND-EDI,2.0,1.0,ECONOMY,return,2022-07-18,2022-07-21,TRUE,GBP,20100.0,CENTI,-32356,REDIRECT,51.4706,-0.461941,GB,LHR,55.950145,-3.372288,GB,EDI,331.5269422004703
2022-02-05,IOS,LHR,EDI,LOND-EDI,2.0,1.0,ECONOMY,return,2022-07-18,2022-07-21,TRUE,GBP,20100.0,CENTI,-32356,DIRECT_BOOKING,51.4706,-0.461941,GB,LHR,55.950145,-3.372288,GB,EDI,331.5269422004703
2022-02-05,IOS,LHR,EDI,LOND-EDI,2.0,1.0,ECONOMY,return,2022-12-22,2022-12-26,TRUE,GBP,20400.0,CENTI,-32356,REDIRECT,51.4706,-0.461941,GB,LHR,55.950145,-3.372288,GB,EDI,331.5269422004703
2022-02-05,IOS,LHR,EDI,LOND-EDI,2.0,1.0,ECONOMY,return,2022-12-22,2022-12-26,TRUE,GBP,20400.0,CENTI,-32356,DIRECT_BOOKING,51.4706,-0.461941,GB,LHR,55.950145,-3.372288,GB,EDI,331.5269422004703
2022-02-05,IOS,LHR,EDI,LHR-EDI,3.0,0.0,ECONOMY,oneway,2022-04-07,,TRUE,GBP,64700.0,CENTI,-32480,REDIRECT,51.4706,-0.461941,GB,LHR,55.950145,-3.372288,GB,EDI,331.5269422004703
2022-02-05,IOS,LHR,EDI,LHR-EDI,3.0,0.0,ECONOMY,oneway,2022-04-07,,TRUE,GBP,64700.0,CENTI,-32480,BOOK_WITH_SKYSCANNER,51.4706,-0.461941,GB,LHR,55.950145,-3.372288,GB,EDI,331.5269422004703
2022-02-05,IOS,LHR,EDI,LHR-EDI,3.0,0.0,ECONOMY,oneway,2022-04-07,,TRUE,GBP,64700.0,CENTI,-32480,DIRECT_BOOKING,51.4706,-0.461941,GB,LHR,55.950145,-3.372288,GB,EDI,331.5269422004703
2022-02-05,IOS,LHR,EDI,LHR-EDI,1.0,0.0,ECONOMY,oneway,2022-07-18,,TRUE,NZD,15100.0,CENTI,-32480,DIRECT_BOOKING,51.4706,-0.461941,GB,LHR,55.950145,-3.372288,GB,EDI,331.5269422004703
2022-02-05,IOS,LHR,EDI,LHR-EDI,1.0,0.0,ECONOMY,oneway,2022-07-18,,TRUE,NZD,15100.0,CENTI,-32480,REDIRECT,51.4706,-0.461941,GB,LHR,55.950145,-3.372288,GB,EDI,331.5269422004703
2022-02-05,IOS,LHR,EDI,LOND-EDI,1.0,0.0,ECONOMY,oneway,2022-06-19,,TRUE,GBP,3500.0,CENTI,-32356,REDIRECT,51.4706,-0.461941,GB,LHR,55.950145,-3.372288,GB,EDI,331.5269422004703
2022-02-05,IOS,LHR,EDI,LOND-EDI,1.0,0.0,ECONOMY,oneway,2022-06-19,,TRUE,GBP,3500.0,CENTI,-32356,DIRECT_BOOKING,51.4706,-0.461941,GB,LHR,55.950145,-3.372288,GB,EDI,331.5269422004703
2022-02-05,IOS,LHR,EDI,LHR-EDI,1.0,0.0,ECONOMY,oneway,2022-07-18,,TRUE,NZD,30400.0,CENTI,-32480,REDIRECT,51.4706,-0.461941,GB,LHR,55.950145,-3.372288,GB,EDI,331.5269422004703
2022-02-05,IOS,LHR,EDI,LHR-EDI,1.0,0.0,ECONOMY,oneway,2022-07-18,,TRUE,NZD,30400.0,CENTI,-32480,DIRECT_BOOKING,51.4706,-0.461941,GB,LHR,55.950145,-3.372288,GB,EDI,331.5269422004703
2022-02-05,IOS,LHR,EDI,LOND-EDI,2.0,0.0,ECONOMY,oneway,2022-08-06,,TRUE,EUR,6300.0,CENTI,-32356,REDIRECT,51.4706,-0.461941,GB,LHR,55.950145,-3.372288,GB,EDI,331.5269422004703
2022-02-05,IOS,LHR,EDI,LOND-EDI,2.0,0.0,ECONOMY,oneway,2022-08-06,,TRUE,EUR,6300.0,CENTI,-32356,DIRECT_BOOKING,51.4706,-0.461941,GB,LHR,55.950145,-3.372288,GB,EDI,331.5269422004703
2022-02-05,IOS,LHR,EDI,LOND-EDI,1.0,0.0,ECONOMY,return,2022-06-05,2022-09-05,TRUE,GBP,9600.0,CENTI,-32356,DIRECT_BOOKING,51.4706,-0.461941,GB,LHR,55.950145,-3.372288,GB,EDI,331.5269422004703
2022-02-05,IOS,LHR,EDI,LOND-EDI,1.0,0.0,ECONOMY,return,2022-06-05,2022-09-05,TRUE,GBP,9600.0,CENTI,-32356,REDIRECT,51.4706,-0.461941,GB,LHR,55.950145,-3.372288,GB,EDI,331.5269422004703
2022-02-05,IOS,LHR,EDI,LOND-EDI,1.0,0.0,ECONOMY,oneway,2022-07-17,,TRUE,CLP,4818500.0,CENTI,-32356,REDIRECT,51.4706,-0.461941,GB,LHR,55.950145,-3.372288,GB,EDI,331.5269422004703
2022-02-05,IOS,LHR,EDI,LOND-EDI,7.0,3.0,ECONOMY,oneway,2022-07-20,,TRUE,GBP,41100.0,CENTI,-32356,REDIRECT,51.4706,-0.461941,GB,LHR,55.950145,-3.372288,GB,EDI,331.5269422004703
2022-02-05,IOS,LHR,EDI,LOND-EDI,1.0,0.0,ECONOMY,return,2022-05-17,2022-05-20,TRUE,GBP,8300.0,CENTI,-32356,REDIRECT,51.4706,-0.461941,GB,LHR,55.950145,-3.372288,GB,EDI,331.5269422004703
2022-02-05,IOS,LHR,EDI,LOND-EDI,1.0,0.0,ECONOMY,return,2022-05-17,2022-05-20,TRUE,GBP,8300.0,CENTI,-32356,DIRECT_BOOKING,51.4706,-0.461941,GB,LHR,55.950145,-3.372288,GB,EDI,331.5269422004703
2022-02-05,IOS,LHR,EDI,LOND-EDI,2.0,0.0,ECONOMY,oneway,2022-07-18,,TRUE,TWD,332700.0,CENTI,-32356,REDIRECT,51.4706,-0.461941,GB,LHR,55.950145,-3.372288,GB,EDI,331.5269422004703
2022-02-05,IOS,LHR,EDI,LOND-EDI,2.0,0.0,ECONOMY,return,2022-05-08,2022-07-08,TRUE,GBP,18800.0,CENTI,-32356,REDIRECT,51.4706,-0.461941,GB,LHR,55.950145,-3.372288,GB,EDI,331.5269422004703
2022-02-05,IOS,LHR,EDI,LOND-EDI,2.0,0.0,ECONOMY,return,2022-05-08,2022-07-08,TRUE,GBP,18800.0,CENTI,-32356,DIRECT_BOOKING,51.4706,-0.461941,GB,LHR,55.950145,-3.372288,GB,EDI,331.5269422004703
2022-02-05,IOS,LHR,EDI,LOND-EDI,1.0,0.0,ECONOMY,return,2022-05-13,2022-05-14,TRUE,GBP,8400.0,CENTI,-32356,DIRECT_BOOKING,51.4706,-0.461941,GB,LHR,55.950145,-3.372288,GB,EDI,331.5269422004703
2022-02-05,IOS,LHR,EDI,LOND-EDI,1.0,0.0,ECONOMY,return,2022-05-13,2022-05-14,TRUE,GBP,8400.0,CENTI,-32356,REDIRECT,51.4706,-0.461941,GB,LHR,55.950145,-3.372288,GB,EDI,331.5269422004703
2022-02-05,IOS,LHR,EDI,LOND-EDI,1.0,0.0,ECONOMY,return,2022-05-14,2022-05-14,TRUE,GBP,8300.0,CENTI,-32356,REDIRECT,51.4706,-0.461941,GB,LHR,55.950145,-3.372288,GB,EDI,331.5269422004703
2022-02-05,IOS,LHR,EDI,LOND-EDI,1.0,0.0,ECONOMY,return,2022-05-14,2022-05-14,TRUE,GBP,8300.0,CENTI,-32356,DIRECT_BOOKING,51.4706,-0.461941,GB,LHR,55.950145,-3.372288,GB,EDI,331.5269422004703
2021-03-05,IOS,LHR,EDI,LHR-EDI,1.0,0.0,ECONOMY,return,2021-05-25,2021-05-28,TRUE,GBP,15200.0,CENTI,-32480,REDIRECT,51.4706,-0.461941,GB,LHR,55.950145,-3.372288,GB,EDI,331.5269422004703
2022-02-05,IOS,LHR,EDI,LOND-EDI,2.0,0.0,ECONOMY,return,2022-06-28,2022-06-29,TRUE,GBP,14200.0,CENTI,-32356,DIRECT_BOOKING,51.4706,-0.461941,GB,LHR,55.950145,-3.372288,GB,EDI,331.5269422004703
2022-02-05,IOS,LHR,EDI,LOND-EDI,2.0,0.0,ECONOMY,return,2022-06-28,2022-06-29,TRUE,GBP,14200.0,CENTI,-32356,REDIRECT,51.4706,-0.461941,GB,LHR,55.950145,-3.372288,GB,EDI,331.5269422004703
2021-03-05,IOS,LHR,EDI,LHR-EDI,1.0,0.0,ECONOMY,return,2021-07-21,2021-07-25,TRUE,GBP,16000.0,CENTI,-32480,REDIRECT,51.4706,-0.461941,GB,LHR,55.950145,-3.372288,GB,EDI,331.5269422004703
2022-02-05,IOS,LHR,EDI,LOND-EDI,2.0,0.0,ECONOMY,return,2022-05-29,2022-01-06,TRUE,GBP,15200.0,CENTI,-32356,REDIRECT,51.4706,-0.461941,GB,LHR,55.950145,-3.372288,GB,EDI,331.5269422004703
2022-02-05,IOS,LHR,EDI,LOND-EDI,1.0,0.0,ECONOMY,return,2022-08-07,2022-11-07,TRUE,GBP,8000.0,CENTI,-32356,REDIRECT,51.4706,-0.461941,GB,LHR,55.950145,-3.372288,GB,EDI,331.5269422004703
2022-02-05,IOS,LHR,EDI,LOND-EDI,2.0,0.0,ECONOMY,return,2022-05-29,2022-01-06,TRUE,GBP,23700.0,CENTI,-32356,REDIRECT,51.4706,-0.461941,GB,LHR,55.950145,-3.372288,GB,EDI,331.5269422004703
2022-02-05,IOS,SOF,EDI,SOF-EDI,2.0,0.0,ECONOMY,return,2022-05-22,2022-05-29,TRUE,AUD,31700.0,CENTI,-31915,REDIRECT,42.69669342041016,23.411436080932617,BG,SOF,55.950145,-3.372288,GB,EDI,1498.4333769991965
2022-02-05,IOS,SVQ,EDI,SVQ-EDI,1.0,0.0,ECONOMY,oneway,2022-05-20,,TRUE,GBP,11300.0,CENTI,-31685,REDIRECT,37.417999,-5.89311,ES,SVQ,55.950145,-3.372288,GB,EDI,1285.798483535503
2022-02-05,IOS,SVQ,EDI,SVQ-EDI,1.0,0.0,ECONOMY,oneway,2022-05-20,,TRUE,GBP,11200.0,CENTI,-31685,REDIRECT,37.417999,-5.89311,ES,SVQ,55.950145,-3.372288,GB,EDI,1285.798483535503
2022-02-05,IOS,PMI,EDI,PMI-EDI,1.0,0.0,ECONOMY,oneway,2022-06-20,,TRUE,GBP,7000.0,CENTI,-31915,REDIRECT,39.551701,2.73881,ES,PMI,55.950145,-3.372288,GB,EDI,1166.9332499566367
2022-02-05,IOS,PMI,EDI,PMI-EDI,1.0,0.0,ECONOMY,oneway,2022-06-20,,TRUE,GBP,7000.0,CENTI,-31915,DIRECT_BOOKING,39.551701,2.73881,ES,PMI,55.950145,-3.372288,GB,EDI,1166.9332499566367
2020-04-05,IOS,PMI,EDI,PMI-EDI,1.0,0.0,ECONOMY,oneway,2020-07-09,,TRUE,GBP,5100.0,CENTI,-31915,REDIRECT,39.551701,2.73881,ES,PMI,55.950145,-3.372288,GB,EDI,1166.9332499566367
2022-02-05,IOS,PMI,EDI,PMI-EDI,3.0,0.0,ECONOMY,mutli_city,2022-02-05,2022-02-05,TRUE,GBP,52300.0,CENTI,-31915,REDIRECT,39.551701,2.73881,ES,PMI,55.950145,-3.372288,GB,EDI,1166.9332499566367
2022-02-05,IOS,CTA,EDI,CTA-EDI,1.0,0.0,ECONOMY,return,2022-05-25,2022-01-06,TRUE,GBP,14300.0,CENTI,-30823,REDIRECT,37.466801,15.0664,IT,CTA,55.950145,-3.372288,GB,EDI,1536.6941347147224
2022-02-05,IOS,CTA,EDI,CTA-EDI,1.0,0.0,ECONOMY,return,2022-05-25,2022-01-06,TRUE,GBP,14300.0,CENTI,-30823,BOOK_WITH_SKYSCANNER,37.466801,15.0664,IT,CTA,55.950145,-3.372288,GB,EDI,1536.6941347147224
2022-02-05,IOS,MAD,EDI,MAD-EDI,1.0,0.0,ECONOMY,oneway,2022-05-19,,TRUE,GBP,18400.0,CENTI,-32356,REDIRECT,40.471926,-3.56264,ES,MAD,55.950145,-3.372288,GB,EDI,1069.477948052156
2022-02-05,IOS,MAD,EDI,MAD-EDI,2.0,1.0,ECONOMY,return,2022-07-17,2022-07-22,TRUE,EUR,57600.0,CENTI,-31915,REDIRECT,40.471926,-3.56264,ES,MAD,55.950145,-3.372288,GB,EDI,1069.477948052156
2022-02-05,IOS,BER,EDI,BER-EDI,1.0,0.0,ECONOMY,mutli_city,2022-05-19,2022-05-22,TRUE,EUR,7500.0,CENTI,-31915,REDIRECT,52.362247,13.500672,DE,BER,55.950145,-3.372288,GB,EDI,724.0547377166408
2022-02-05,IOS,BER,EDI,BER-EDI,1.0,0.0,ECONOMY,return,2022-10-17,2022-10-24,TRUE,EUR,7000.0,CENTI,-32356,REDIRECT,52.362247,13.500672,DE,BER,55.950145,-3.372288,GB,EDI,724.0547377166408
2022-02-05,IOS,BER,EDI,BER-EDI,1.0,0.0,ECONOMY,return,2022-10-17,2022-10-24,TRUE,EUR,7000.0,CENTI,-32356,DIRECT_BOOKING,52.362247,13.500672,DE,BER,55.950145,-3.372288,GB,EDI,724.0547377166408
2022-02-05,IOS,BER,EDI,BER-EDI,6.0,2.0,ECONOMY,return,2022-10-06,2022-06-15,TRUE,EUR,89900.0,CENTI,-32356,REDIRECT,52.362247,13.500672,DE,BER,55.950145,-3.372288,GB,EDI,724.0547377166408
2022-02-05,IOS,DUB,EDI,DUB-EDI,2.0,0.0,ECONOMY,mutli_city,2022-07-06,2022-06-14,TRUE,EUR,35300.0,CENTI,-31915,REDIRECT,53.421299,-6.27007,IE,DUB,55.950145,-3.372288,GB,EDI,209.54141523281115
2022-02-05,IOS,DUB,EDI,DUB-EDI,2.0,0.0,ECONOMY,mutli_city,2022-07-06,2022-06-14,TRUE,EUR,33800.0,CENTI,-31915,REDIRECT,53.421299,-6.27007,IE,DUB,55.950145,-3.372288,GB,EDI,209.54141523281115
2022-02-05,IOS,DUB,EDI,DUB-EDI,1.0,0.0,ECONOMY,oneway,2022-06-14,,TRUE,EUR,4700.0,CENTI,-32753,REDIRECT,53.421299,-6.27007,IE,DUB,55.950145,-3.372288,GB,EDI,209.54141523281115
2022-02-05,IOS,DUB,EDI,DUB-EDI,1.0,0.0,ECONOMY,oneway,2022-06-14,,TRUE,EUR,4700.0,CENTI,-32753,BOOK_WITH_SKYSCANNER,53.421299,-6.27007,IE,DUB,55.950145,-3.372288,GB,EDI,209.54141523281115
2022-02-05,IOS,GVA,EDI,GVA-EDI,1.0,0.0,ECONOMY,return,2022-08-07,2022-07-31,TRUE,CHF,48500.0,CENTI,-32356,REDIRECT,46.23809814453125,6.108950138092041,CH,GVA,55.950145,-3.372288,GB,EDI,785.5279866503039
2022-02-05,IOS,OTP,EDI,OTP-EDI,1.0,0.0,ECONOMY,return,2022-01-07,2022-07-22,TRUE,GBP,13800.0,CENTI,-31915,DIRECT_BOOKING,44.571111,26.085,RO,OTP,55.950145,-3.372288,GB,EDI,1503.1153771686265
2022-02-05,IOS,OTP,EDI,OTP-EDI,1.0,0.0,ECONOMY,return,2022-01-07,2022-07-22,TRUE,GBP,13800.0,CENTI,-31915,REDIRECT,44.571111,26.085,RO,OTP,55.950145,-3.372288,GB,EDI,1503.1153771686265
2020-04-05,IOS,OTP,EDI,OTP-EDI,1.0,0.0,ECONOMY,return,2020-03-07,2020-07-29,TRUE,GBP,11500.0,CENTI,-31669,REDIRECT,44.571111,26.085,RO,OTP,55.950145,-3.372288,GB,EDI,1503.1153771686265
2022-02-05,IOS,LGW,EDI,LGW-EDI,1.0,0.0,ECONOMY,return,2022-05-27,2022-05-30,TRUE,GBP,13300.0,CENTI,-32356,REDIRECT,51.148102,-0.190278,GB,LGW,55.950145,-3.372288,GB,EDI,356.48157409436004
2022-02-05,IOS,LGW,EDI,LGW-EDI,1.0,0.0,ECONOMY,return,2022-05-27,2022-05-30,TRUE,GBP,13300.0,CENTI,-32356,DIRECT_BOOKING,51.148102,-0.190278,GB,LGW,55.950145,-3.372288,GB,EDI,356.48157409436004
2022-02-05,IOS,LGW,EDI,LGW-EDI,3.0,0.0,ECONOMY,oneway,2022-04-05,,TRUE,GBP,20700.0,CENTI,-32356,REDIRECT,51.148102,-0.190278,GB,LGW,55.950145,-3.372288,GB,EDI,356.48157409436004
2022-02-05,IOS,LGW,EDI,LGW-EDI,3.0,0.0,ECONOMY,oneway,2022-04-05,,TRUE,GBP,20700.0,CENTI,-32356,DIRECT_BOOKING,51.148102,-0.190278,GB,LGW,55.950145,-3.372288,GB,EDI,356.48157409436004
2022-02-05,IOS,LGW,EDI,LGW-EDI,2.0,2.0,ECONOMY,oneway,2022-10-07,,TRUE,GBP,13400.0,CENTI,-32356,REDIRECT,51.148102,-0.190278,GB,LGW,55.950145,-3.372288,GB,EDI,356.48157409436004
2022-02-05,IOS,LGW,EDI,LGW-EDI,2.0,2.0,ECONOMY,oneway,2022-10-07,,TRUE,GBP,13400.0,CENTI,-32356,DIRECT_BOOKING,51.148102,-0.190278,GB,LGW,55.950145,-3.372288,GB,EDI,356.48157409436004
2022-02-05,IOS,LGW,EDI,LGW-EDI,1.0,0.0,ECONOMY,oneway,2022-05-26,,TRUE,GBP,2900.0,CENTI,-32356,REDIRECT,51.148102,-0.190278,GB,LGW,55.950145,-3.372288,GB,EDI,356.48157409436004
2022-02-05,IOS,LGW,EDI,LGW-EDI,1.0,0.0,ECONOMY,oneway,2022-05-26,,TRUE,GBP,2900.0,CENTI,-32356,DIRECT_BOOKING,51.148102,-0.190278,GB,LGW,55.950145,-3.372288,GB,EDI,356.48157409436004
2022-02-05,IOS,LGW,EDI,LGW-EDI,1.0,0.0,ECONOMY,return,2022-05-20,2022-05-22,TRUE,GBP,16900.0,CENTI,-32356,REDIRECT,51.148102,-0.190278,GB,LGW,55.950145,-3.372288,GB,EDI,356.48157409436004
2022-02-05,IOS,LGW,EDI,LGW-EDI,1.0,0.0,ECONOMY,return,2022-05-20,2022-05-22,TRUE,GBP,16900.0,CENTI,-32356,DIRECT_BOOKING,51.148102,-0.190278,GB,LGW,55.950145,-3.372288,GB,EDI,356.48157409436004
2022-02-05,IOS,LGW,EDI,LGW-EDI,1.0,0.0,ECONOMY,oneway,2022-04-05,,TRUE,GBP,7800.0,CENTI,-32356,DIRECT_BOOKING,51.148102,-0.190278,GB,LGW,55.950145,-3.372288,GB,EDI,356.48157409436004
2022-02-05,IOS,LGW,EDI,LGW-EDI,1.0,0.0,ECONOMY,oneway,2022-04-05,,TRUE,GBP,7800.0,CENTI,-32356,REDIRECT,51.148102,-0.190278,GB,LGW,55.950145,-3.372288,GB,EDI,356.48157409436004
2022-02-05,IOS,LGW,EDI,LGW-EDI,2.0,0.0,ECONOMY,return,2022-06-05,2022-08-05,TRUE,GBP,42200.0,CENTI,-32356,REDIRECT,51.148102,-0.190278,GB,LGW,55.950145,-3.372288,GB,EDI,356.48157409436004
2022-02-05,IOS,LGW,EDI,LGW-EDI,2.0,0.0,ECONOMY,return,2022-06-05,2022-08-05,TRUE,GBP,42200.0,CENTI,-32356,DIRECT_BOOKING,51.148102,-0.190278,GB,LGW,55.950145,-3.372288,GB,EDI,356.48157409436004
2022-02-05,IOS,LGW,EDI,LGW-EDI,4.0,0.0,ECONOMY,return,2022-12-11,2022-11-13,TRUE,GBP,32000.0,CENTI,-32356,REDIRECT,51.148102,-0.190278,GB,LGW,55.950145,-3.372288,GB,EDI,356.48157409436004
2022-02-05,IOS,LGW,EDI,LGW-EDI,4.0,0.0,ECONOMY,return,2022-12-11,2022-11-13,TRUE,GBP,32000.0,CENTI,-32356,DIRECT_BOOKING,51.148102,-0.190278,GB,LGW,55.950145,-3.372288,GB,EDI,356.48157409436004
2022-02-05,IOS,LGW,EDI,LGW-EDI,1.0,0.0,ECONOMY,return,2022-09-06,2022-06-14,TRUE,GBP,7300.0,CENTI,-32356,REDIRECT,51.148102,-0.190278,GB,LGW,55.950145,-3.372288,GB,EDI,356.48157409436004
2022-02-05,IOS,LGW,EDI,LGW-EDI,1.0,0.0,ECONOMY,return,2022-09-06,2022-06-14,TRUE,GBP,7300.0,CENTI,-32356,DIRECT_BOOKING,51.148102,-0.190278,GB,LGW,55.950145,-3.372288,GB,EDI,356.48157409436004
2022-02-05,IOS,LGW,EDI,LGW-EDI,1.0,0.0,ECONOMY,return,2022-05-27,2022-05-30,TRUE,GBP,12600.0,CENTI,-32356,DIRECT_BOOKING,51.148102,-0.190278,GB,LGW,55.950145,-3.372288,GB,EDI,356.48157409436004
2022-02-05,IOS,LGW,EDI,LGW-EDI,1.0,0.0,ECONOMY,return,2022-05-27,2022-05-30,TRUE,GBP,12600.0,CENTI,-32356,REDIRECT,51.148102,-0.190278,GB,LGW,55.950145,-3.372288,GB,EDI,356.48157409436004
2022-02-05,IOS,LGW,EDI,LGW-EDI,1.0,0.0,ECONOMY,oneway,2022-09-05,,TRUE,GBP,4300.0,CENTI,-32356,REDIRECT,51.148102,-0.190278,GB,LGW,55.950145,-3.372288,GB,EDI,356.48157409436004
2022-02-05,IOS,LGW,EDI,LGW-EDI,1.0,0.0,ECONOMY,oneway,2022-09-05,,TRUE,GBP,4300.0,CENTI,-32356,DIRECT_BOOKING,51.148102,-0.190278,GB,LGW,55.950145,-3.372288,GB,EDI,356.48157409436004
2022-02-05,IOS,LGW,EDI,LGW-EDI,1.0,0.0,ECONOMY,return,2022-07-14,2022-07-17,TRUE,GBP,16800.0,CENTI,-32356,REDIRECT,51.148102,-0.190278,GB,LGW,55.950145,-3.372288,GB,EDI,356.48157409436004
2022-02-05,IOS,LGW,EDI,LGW-EDI,1.0,0.0,ECONOMY,return,2022-07-14,2022-07-17,TRUE,GBP,16800.0,CENTI,-32356,DIRECT_BOOKING,51.148102,-0.190278,GB,LGW,55.950145,-3.372288,GB,EDI,356.48157409436004
2022-02-05,IOS,ALC,EDI,ALC-EDI,1.0,0.0,ECONOMY,return,2022-04-05,2022-06-05,TRUE,GBP,6700.0,CENTI,-31915,REDIRECT,38.2822,-0.558156,ES,ALC,55.950145,-3.372288,GB,EDI,1227.633434875095
2022-02-05,IOS,ALC,EDI,ALC-EDI,1.0,0.0,ECONOMY,return,2022-04-05,2022-06-05,TRUE,GBP,6700.0,CENTI,-31915,DIRECT_BOOKING,38.2822,-0.558156,ES,ALC,55.950145,-3.372288,GB,EDI,1227.633434875095
2022-02-05,IOS,ALC,EDI,ALC-EDI,1.0,0.0,ECONOMY,oneway,2022-07-05,,TRUE,GBP,700.0,CENTI,-31915,REDIRECT,38.2822,-0.558156,ES,ALC,55.950145,-3.372288,GB,EDI,1227.633434875095
2022-02-05,IOS,ALC,EDI,ALC-EDI,1.0,0.0,ECONOMY,oneway,2022-07-05,,TRUE,GBP,700.0,CENTI,-31915,DIRECT_BOOKING,38.2822,-0.558156,ES,ALC,55.950145,-3.372288,GB,EDI,1227.633434875095
2022-02-05,IOS,ALC,EDI,ALC-EDI,1.0,0.0,ECONOMY,oneway,2022-06-13,,TRUE,GBP,6300.0,CENTI,-32174,REDIRECT,38.2822,-0.558156,ES,ALC,55.950145,-3.372288,GB,EDI,1227.633434875095
2022-02-05,IOS,ALC,EDI,ALC-EDI,1.0,0.0,ECONOMY,oneway,2022-06-13,,TRUE,GBP,6300.0,CENTI,-32174,BOOK_WITH_SKYSCANNER,38.2822,-0.558156,ES,ALC,55.950145,-3.372288,GB,EDI,1227.633434875095
2021-03-05,IOS,ALC,EDI,ALC-EDI,1.0,0.0,ECONOMY,return,2021-08-09,2021-11-09,TRUE,EUR,5900.0,CENTI,-31915,REDIRECT,38.2822,-0.558156,ES,ALC,55.950145,-3.372288,GB,EDI,1227.633434875095
2021-03-05,IOS,ALC,EDI,ALC-EDI,1.0,0.0,ECONOMY,return,2021-08-09,2021-11-09,TRUE,EUR,5900.0,CENTI,-31915,DIRECT_BOOKING,38.2822,-0.558156,ES,ALC,55.950145,-3.372288,GB,EDI,1227.633434875095
2022-02-05,IOS,DLM,EDI,DLM-EDI,1.0,0.0,ECONOMY,oneway,2022-03-05,,TRUE,GBP,9700.0,CENTI,-32356,REDIRECT,36.7131004333,28.7924995422,TR,DLM,55.950145,-3.372288,GB,EDI,1998.3564119276266
2022-02-05,IOS,DLM,EDI,DLM-EDI,1.0,0.0,ECONOMY,oneway,2022-04-05,,TRUE,GBP,6600.0,CENTI,-32174,REDIRECT,36.7131004333,28.7924995422,TR,DLM,55.950145,-3.372288,GB,EDI,1998.3564119276266
2022-02-05,IOS,DLM,EDI,DLM-EDI,1.0,0.0,ECONOMY,oneway,2022-04-05,,TRUE,GBP,6600.0,CENTI,-32174,DIRECT_BOOKING,36.7131004333,28.7924995422,TR,DLM,55.950145,-3.372288,GB,EDI,1998.3564119276266
2022-02-05,IOS,DLM,EDI,DLM-EDI,1.0,0.0,ECONOMY,oneway,2022-04-05,,TRUE,GBP,6600.0,CENTI,-32174,BOOK_WITH_SKYSCANNER,36.7131004333,28.7924995422,TR,DLM,55.950145,-3.372288,GB,EDI,1998.3564119276266
2022-02-05,IOS,MUC,EDI,MUC-EDI,1.0,0.0,ECONOMY,return,2022-02-06,2022-07-06,TRUE,EUR,22900.0,CENTI,-32089,REDIRECT,48.353802,11.7861,DE,MUC,55.950145,-3.372288,GB,EDI,826.6324853300142
2021-03-05,IOS,CTU,EDI,CTU-EDI,1.0,0.0,ECONOMY,oneway,2021-08-26,,TRUE,CNY,657300.0,CENTI,-32690,REDIRECT,30.558257,103.945966,CN,CTU,55.950145,-3.372288,GB,EDI,5104.328301648734
2022-02-05,IOS,BFS,EDI,BFS-EDI,1.0,0.0,ECONOMY,return,2022-10-14,2022-10-16,TRUE,GBP,7500.0,CENTI,-32356,REDIRECT,54.6575012207,-6.21582984924,GB,BFS,55.950145,-3.372288,GB,EDI,143.10295712245613
2022-02-05,IOS,BFS,EDI,BFS-EDI,1.0,0.0,ECONOMY,return,2022-10-14,2022-10-16,TRUE,GBP,7500.0,CENTI,-32356,DIRECT_BOOKING,54.6575012207,-6.21582984924,GB,BFS,55.950145,-3.372288,GB,EDI,143.10295712245613
2022-02-05,IOS,BFS,EDI,BFS-EDI,1.0,0.0,ECONOMY,oneway,2022-05-24,,TRUE,GBP,5200.0,CENTI,-32356,REDIRECT,54.6575012207,-6.21582984924,GB,BFS,55.950145,-3.372288,GB,EDI,143.10295712245613
2022-02-05,IOS,BFS,EDI,BFS-EDI,1.0,0.0,ECONOMY,oneway,2022-05-24,,TRUE,GBP,5200.0,CENTI,-32356,DIRECT_BOOKING,54.6575012207,-6.21582984924,GB,BFS,55.950145,-3.372288,GB,EDI,143.10295712245613
2022-02-05,IOS,IST,EDI,IST-EDI,1.0,0.0,ECONOMY,return,2022-05-13,2022-05-17,TRUE,AUD,49600.0,CENTI,-31734,REDIRECT,41.261297,28.741951,TR,IST,55.950145,-3.372288,GB,EDI,1758.8364848208316
2022-02-05,IOS,BRS,EDI,BRS-EDI,1.0,0.0,ECONOMY,return,2022-05-27,2022-05-29,TRUE,GBP,14000.0,CENTI,-32356,REDIRECT,51.382702,-2.71909,GB,BRS,55.950145,-3.372288,GB,EDI,316.7071723646795
2022-02-05,IOS,BRS,EDI,BRS-EDI,1.0,0.0,ECONOMY,return,2022-06-24,2022-06-26,TRUE,GBP,13700.0,CENTI,-32356,REDIRECT,51.382702,-2.71909,GB,BRS,55.950145,-3.372288,GB,EDI,316.7071723646795
2022-02-05,IOS,BRS,EDI,BRS-EDI,5.0,0.0,ECONOMY,return,2022-07-06,2022-11-06,TRUE,GBP,33600.0,CENTI,-32356,REDIRECT,51.382702,-2.71909,GB,BRS,55.950145,-3.372288,GB,EDI,316.7071723646795
2022-02-05,IOS,BRS,EDI,BRS-EDI,2.0,0.0,ECONOMY,return,2022-07-06,2022-11-06,TRUE,AUD,23500.0,CENTI,-32356,REDIRECT,51.382702,-2.71909,GB,BRS,55.950145,-3.372288,GB,EDI,316.7071723646795
2022-02-05,IOS,BRS,EDI,BRS-EDI,1.0,0.0,ECONOMY,return,2022-07-06,2022-11-06,TRUE,AUD,11400.0,CENTI,-32356,REDIRECT,51.382702,-2.71909,GB,BRS,55.950145,-3.372288,GB,EDI,316.7071723646795
2022-02-05,IOS,BRS,EDI,BRS-EDI,1.0,0.0,ECONOMY,return,2022-05-19,2022-05-20,TRUE,GBP,6400.0,CENTI,-32356,REDIRECT,51.382702,-2.71909,GB,BRS,55.950145,-3.372288,GB,EDI,316.7071723646795
2022-02-05,IOS,BRS,EDI,BRS-EDI,1.0,0.0,ECONOMY,oneway,2022-10-05,,TRUE,CNY,26200.0,CENTI,-32356,REDIRECT,51.382702,-2.71909,GB,BRS,55.950145,-3.372288,GB,EDI,316.7071723646795
2022-02-05,IOS,BHX,EDI,BHX-EDI,1.0,0.0,ECONOMY,return,2022-09-16,2022-09-18,TRUE,GBP,7600.0,CENTI,-32302,REDIRECT,52.4538993835,-1.74802994728,GB,BHX,55.950145,-3.372288,GB,EDI,250.30936588065438
2022-02-05,IOS,BHX,EDI,BHX-EDI,1.0,0.0,ECONOMY,return,2022-09-16,2022-09-18,TRUE,GBP,7600.0,CENTI,-32302,DIRECT_BOOKING,52.4538993835,-1.74802994728,GB,BHX,55.950145,-3.372288,GB,EDI,250.30936588065438
2022-02-05,IOS,BHX,EDI,BHX-EDI,1.0,0.0,ECONOMY,return,2022-09-16,2022-09-18,TRUE,GBP,7600.0,CENTI,-32302,BOOK_WITH_SKYSCANNER,52.4538993835,-1.74802994728,GB,BHX,55.950145,-3.372288,GB,EDI,250.30936588065438
2022-02-05,IOS,BHX,EDI,BHX-EDI,2.0,0.0,ECONOMY,return,2022-07-10,2022-10-10,TRUE,GBP,13800.0,CENTI,-32302,BOOK_WITH_SKYSCANNER,52.4538993835,-1.74802994728,GB,BHX,55.950145,-3.372288,GB,EDI,250.30936588065438
2022-02-05,IOS,BHX,EDI,BHX-EDI,2.0,0.0,ECONOMY,return,2022-07-10,2022-10-10,TRUE,GBP,13800.0,CENTI,-32302,REDIRECT,52.4538993835,-1.74802994728,GB,BHX,55.950145,-3.372288,GB,EDI,250.30936588065438
2022-02-05,IOS,BHX,EDI,BHX-EDI,2.0,0.0,ECONOMY,return,2022-07-10,2022-10-10,TRUE,GBP,13800.0,CENTI,-32302,DIRECT_BOOKING,52.4538993835,-1.74802994728,GB,BHX,55.950145,-3.372288,GB,EDI,250.30936588065438
2022-02-05,IOS,BHX,EDI,BHX-EDI,5.0,0.0,ECONOMY,return,2022-09-23,2022-09-25,TRUE,GBP,40700.0,CENTI,-32302,REDIRECT,52.4538993835,-1.74802994728,GB,BHX,55.950145,-3.372288,GB,EDI,250.30936588065438
2022-02-05,IOS,BHX,EDI,BHX-EDI,5.0,0.0,ECONOMY,return,2022-09-23,2022-09-25,TRUE,GBP,40700.0,CENTI,-32302,BOOK_WITH_SKYSCANNER,52.4538993835,-1.74802994728,GB,BHX,55.950145,-3.372288,GB,EDI,250.30936588065438
2022-02-05,IOS,BHX,EDI,BHX-EDI,5.0,0.0,ECONOMY,return,2022-09-23,2022-09-25,TRUE,GBP,40700.0,CENTI,-32302,DIRECT_BOOKING,52.4538993835,-1.74802994728,GB,BHX,55.950145,-3.372288,GB,EDI,250.30936588065438
2022-02-05,IOS,BHX,EDI,BHX-EDI,1.0,0.0,ECONOMY,return,2022-08-29,2022-03-09,TRUE,GBP,7200.0,CENTI,-32302,REDIRECT,52.4538993835,-1.74802994728,GB,BHX,55.950145,-3.372288,GB,EDI,250.30936588065438
2022-02-05,IOS,BHX,EDI,BHX-EDI,1.0,0.0,ECONOMY,return,2022-08-29,2022-03-09,TRUE,GBP,7200.0,CENTI,-32302,DIRECT_BOOKING,52.4538993835,-1.74802994728,GB,BHX,55.950145,-3.372288,GB,EDI,250.30936588065438
2022-02-05,IOS,BHX,EDI,BHX-EDI,1.0,0.0,ECONOMY,return,2022-08-29,2022-03-09,TRUE,GBP,7200.0,CENTI,-32302,BOOK_WITH_SKYSCANNER,52.4538993835,-1.74802994728,GB,BHX,55.950145,-3.372288,GB,EDI,250.30936588065438
2022-02-05,IOS,BHX,EDI,BHX-EDI,1.0,0.0,ECONOMY,return,2022-07-10,2022-09-10,TRUE,GBP,6800.0,CENTI,-32302,REDIRECT,52.4538993835,-1.74802994728,GB,BHX,55.950145,-3.372288,GB,EDI,250.30936588065438
2022-02-05,IOS,BHX,EDI,BHX-EDI,1.0,0.0,ECONOMY,return,2022-07-10,2022-09-10,TRUE,GBP,6800.0,CENTI,-32302,BOOK_WITH_SKYSCANNER,52.4538993835,-1.74802994728,GB,BHX,55.950145,-3.372288,GB,EDI,250.30936588065438
2022-02-05,IOS,BHX,EDI,BHX-EDI,1.0,0.0,ECONOMY,return,2022-07-10,2022-09-10,TRUE,GBP,6800.0,CENTI,-32302,DIRECT_BOOKING,52.4538993835,-1.74802994728,GB,BHX,55.950145,-3.372288,GB,EDI,250.30936588065438
2022-02-05,IOS,BHX,EDI,BHX-EDI,1.0,0.0,ECONOMY,return,2022-06-06,2022-07-06,TRUE,GBP,5300.0,CENTI,-32356,REDIRECT,52.4538993835,-1.74802994728,GB,BHX,55.950145,-3.372288,GB,EDI,250.30936588065438
2022-02-05,IOS,BHX,EDI,BHX-EDI,1.0,0.0,ECONOMY,return,2022-06-06,2022-07-06,TRUE,GBP,5300.0,CENTI,-32356,DIRECT_BOOKING,52.4538993835,-1.74802994728,GB,BHX,55.950145,-3.372288,GB,EDI,250.30936588065438
2022-02-05,IOS,BHX,EDI,BHX-EDI,1.0,0.0,ECONOMY,return,2022-09-23,2022-09-25,TRUE,GBP,8000.0,CENTI,-32302,REDIRECT,52.4538993835,-1.74802994728,GB,BHX,55.950145,-3.372288,GB,EDI,250.30936588065438
2022-02-05,IOS,BHX,EDI,BHX-EDI,1.0,0.0,ECONOMY,return,2022-09-23,2022-09-25,TRUE,GBP,8000.0,CENTI,-32302,BOOK_WITH_SKYSCANNER,52.4538993835,-1.74802994728,GB,BHX,55.950145,-3.372288,GB,EDI,250.30936588065438
2022-02-05,IOS,BHX,EDI,BHX-EDI,1.0,0.0,ECONOMY,return,2022-09-23,2022-09-25,TRUE,GBP,8000.0,CENTI,-32302,DIRECT_BOOKING,52.4538993835,-1.74802994728,GB,BHX,55.950145,-3.372288,GB,EDI,250.30936588065438
2022-02-05,IOS,BHX,EDI,BHX-EDI,2.0,0.0,ECONOMY,return,2022-07-10,2022-09-10,TRUE,GBP,13800.0,CENTI,-32302,DIRECT_BOOKING,52.4538993835,-1.74802994728,GB,BHX,55.950145,-3.372288,GB,EDI,250.30936588065438
2022-02-05,IOS,BHX,EDI,BHX-EDI,2.0,0.0,ECONOMY,return,2022-07-10,2022-09-10,TRUE,GBP,13800.0,CENTI,-32302,REDIRECT,52.4538993835,-1.74802994728,GB,BHX,55.950145,-3.372288,GB,EDI,250.30936588065438
2022-02-05,IOS,BHX,EDI,BHX-EDI,2.0,0.0,ECONOMY,return,2022-07-10,2022-09-10,TRUE,GBP,13800.0,CENTI,-32302,BOOK_WITH_SKYSCANNER,52.4538993835,-1.74802994728,GB,BHX,55.950145,-3.372288,GB,EDI,250.30936588065438
2022-02-05,IOS,MLA,EDI,MLA-EDI,2.0,0.0,ECONOMY,return,2022-05-26,2022-05-31,TRUE,EUR,30000.0,CENTI,-30823,REDIRECT,35.857498,14.4775,MT,MLA,55.950145,-3.372288,GB,EDI,1621.370449942531
2022-02-05,IOS,BCN,EDI,BCN-EDI,2.0,0.0,ECONOMY,oneway,2022-02-05,,TRUE,GBP,11000.0,CENTI,-31915,REDIRECT,41.2971,2.07846,ES,BCN,55.950145,-3.372288,GB,EDI,1041.7805334484094
2022-02-05,IOS,BCN,EDI,BCN-EDI,2.0,0.0,ECONOMY,oneway,2022-02-05,,TRUE,GBP,11000.0,CENTI,-31915,DIRECT_BOOKING,41.2971,2.07846,ES,BCN,55.950145,-3.372288,GB,EDI,1041.7805334484094
2022-02-05,IOS,BCN,EDI,BCN-EDI,1.0,0.0,ECONOMY,oneway,2022-05-29,,TRUE,CNY,63400.0,CENTI,-31915,REDIRECT,41.2971,2.07846,ES,BCN,55.950145,-3.372288,GB,EDI,1041.7805334484094
2022-02-05,IOS,BCN,EDI,BCN-EDI,1.0,0.0,ECONOMY,oneway,2022-12-09,,TRUE,GBP,6500.0,CENTI,-31915,REDIRECT,41.2971,2.07846,ES,BCN,55.950145,-3.372288,GB,EDI,1041.7805334484094
2020-04-05,IOS,BCN,EDI,BCN-EDI,1.0,0.0,ECONOMY,oneway,2020-05-13,,TRUE,GBP,13200.0,CENTI,-32480,REDIRECT,41.2971,2.07846,ES,BCN,55.950145,-3.372288,GB,EDI,1041.7805334484094
2022-02-05,IOS,ICN,EDI,ICN-EDI,1.0,0.0,ECONOMY,oneway,2022-04-05,,TRUE,KRW,152931600.0,CENTI,-32558,REDIRECT,37.46910095214844,126.45099639892578,KR,ICN,55.950145,-3.372288,GB,EDI,5342.586488188463
2022-02-05,IOS,AKL,EDI,AKL-EDI,1.0,0.0,ECONOMY,return,2022-05-07,2022-07-19,TRUE,GBP,486400.0,CENTI,-32646,REDIRECT,-37.01199,174.786331,NZ,AKL,55.950145,-3.372288,GB,EDI,11125.500382575203
2022-02-05,IOS,SPU,EDI,SPU-EDI,1.0,0.0,ECONOMY,oneway,2022-10-06,,TRUE,GBP,9800.0,CENTI,-32356,REDIRECT,43.53889846801758,16.29800033569336,HR,SPU,55.950145,-3.372288,GB,EDI,1219.2597480249224
2022-02-05,IOS,FAO,EDI,FAO-EDI,1.0,0.0,ECONOMY,oneway,2022-03-05,,TRUE,GBP,1000.0,CENTI,-31915,REDIRECT,37.0144004822,-7.96590995789,PT,FAO,55.950145,-3.372288,GB,EDI,1325.7434564330697
2022-02-05,IOS,FAO,EDI,FAO-EDI,1.0,0.0,ECONOMY,oneway,2022-03-05,,TRUE,GBP,1000.0,CENTI,-31915,DIRECT_BOOKING,37.0144004822,-7.96590995789,PT,FAO,55.950145,-3.372288,GB,EDI,1325.7434564330697
2022-02-05,IOS,FAO,EDI,FAO-EDI,2.0,0.0,ECONOMY,oneway,2022-05-19,,TRUE,GBP,32000.0,CENTI,-31915,REDIRECT,37.0144004822,-7.96590995789,PT,FAO,55.950145,-3.372288,GB,EDI,1325.7434564330697
2022-02-05,IOS,FAO,EDI,FAO-EDI,2.0,0.0,ECONOMY,oneway,2022-05-19,,TRUE,GBP,32000.0,CENTI,-31915,DIRECT_BOOKING,37.0144004822,-7.96590995789,PT,FAO,55.950145,-3.372288,GB,EDI,1325.7434564330697
2022-02-05,IOS,AMS,EDI,AMS-EDI,1.0,0.0,ECONOMY,oneway,2022-02-05,,TRUE,GBP,32600.0,CENTI,-32132,REDIRECT,52.308601,4.76389,NL,AMS,55.950145,-3.372288,GB,EDI,414.0581781759436
2022-02-05,IOS,AMS,EDI,AMS-EDI,1.0,0.0,ECONOMY,return,2022-05-21,2022-05-26,TRUE,EUR,20700.0,CENTI,-32356,REDIRECT,52.308601,4.76389,NL,AMS,55.950145,-3.372288,GB,EDI,414.0581781759436
2022-02-05,IOS,AMS,EDI,AMS-EDI,1.0,0.0,ECONOMY,oneway,2022-02-05,,TRUE,EUR,39600.0,CENTI,-32132,REDIRECT,52.308601,4.76389,NL,AMS,55.950145,-3.372288,GB,EDI,414.0581781759436
2022-02-05,IOS,AMS,EDI,AMS-EDI,1.0,0.0,ECONOMY,oneway,2022-03-05,,TRUE,GBP,9900.0,CENTI,-32356,REDIRECT,52.308601,4.76389,NL,AMS,55.950145,-3.372288,GB,EDI,414.0581781759436
2022-02-05,IOS,SYY,EDI,SYY-EDI,1.0,0.0,ECONOMY,oneway,2022-05-15,,TRUE,GBP,16000.0,CENTI,-32094,REDIRECT,58.215599,-6.33111,GB,SYY,55.950145,-3.372288,GB,EDI,191.90650096712616
2022-02-05,IOS,HKG,EDI,HKG-EDI,2.0,0.0,ECONOMY,oneway,2022-06-24,,TRUE,HKD,1175900.0,CENTI,-32456,REDIRECT,22.308901,113.915001,HK,HKG,55.950145,-3.372288,GB,EDI,5913.133624571108
2022-02-05,IOS,HKG,EDI,HKG-EDI,2.0,0.0,ECONOMY,oneway,2022-06-24,,TRUE,HKD,1175900.0,CENTI,-32456,REDIRECT,22.320304,114.198074,HK,HKG,55.950145,-3.372288,GB,EDI,5921.468741902248
2022-02-05,IOS,GIB,EDI,GIB-EDI,1.0,0.0,ECONOMY,oneway,2022-05-05,,TRUE,GBP,13300.0,CENTI,-32356,REDIRECT,36.151199,-5.34966,GI,GIB,55.950145,-3.372288,GB,EDI,1371.1198621386804
2022-02-05,IOS,CAG,EDI,CAG-EDI,2.0,2.0,ECONOMY,oneway,2022-05-08,,TRUE,GBP,86900.0,CENTI,-30823,REDIRECT,39.251499,9.05428,IT,CAG,55.950145,-3.372288,GB,EDI,1286.339382713631
2022-02-05,IOS,AGP,EDI,AGP-EDI,1.0,0.0,ECONOMY,return,2022-09-22,2022-09-25,TRUE,EUR,15400.0,CENTI,-32356,REDIRECT,36.6749,-4.49911,ES,AGP,55.950145,-3.372288,GB,EDI,1332.8336580235775
2022-02-05,IOS,AGP,EDI,AGP-EDI,1.0,0.0,ECONOMY,return,2022-07-21,2022-07-25,TRUE,EUR,17300.0,CENTI,-32356,REDIRECT,36.6749,-4.49911,ES,AGP,55.950145,-3.372288,GB,EDI,1332.8336580235775
2022-02-05,IOS,AGP,EDI,AGP-EDI,1.0,0.0,ECONOMY,return,2022-07-21,2022-07-25,TRUE,EUR,17500.0,CENTI,-31915,REDIRECT,36.6749,-4.49911,ES,AGP,55.950145,-3.372288,GB,EDI,1332.8336580235775
2022-02-05,IOS,TLS,EDI,TLS-EDI,1.0,0.0,ECONOMY,return,2022-04-07,2022-11-07,TRUE,GBP,17900.0,CENTI,-31915,REDIRECT,43.629101,1.36382,FR,TLS,55.950145,-3.372288,GB,EDI,876.6050790372035
2022-02-05,IOS,KRK,EDI,KRK-EDI,1.0,0.0,ECONOMY,return,2022-06-15,2022-06-20,TRUE,PLN,74300.0,CENTI,-32356,REDIRECT,50.077702,19.7848,PL,KRK,55.950145,-3.372288,GB,EDI,1038.3017239168385
2022-02-05,IOS,LTN,EDI,LTN-EDI,1.0,0.0,ECONOMY,oneway,2022-05-20,,TRUE,GBP,6300.0,CENTI,-32356,REDIRECT,51.874698638916016,-0.3683330118656158,GB,LTN,55.950145,-3.372288,GB,EDI,306.90835112721425
2022-02-05,IOS,LTN,EDI,LTN-EDI,1.0,0.0,ECONOMY,return,2022-11-11,2022-11-13,TRUE,GBP,11200.0,CENTI,-32356,REDIRECT,51.874698638916016,-0.3683330118656158,GB,LTN,55.950145,-3.372288,GB,EDI,306.90835112721425
2022-02-05,IOS,LTN,EDI,LTN-EDI,1.0,0.0,ECONOMY,return,2022-05-19,2022-05-20,TRUE,GBP,10500.0,CENTI,-32356,REDIRECT,51.874698638916016,-0.3683330118656158,GB,LTN,55.950145,-3.372288,GB,EDI,306.90835112721425
2022-02-05,IOS,CLJ,EDI,CLJ-EDI,1.0,0.0,ECONOMY,oneway,2022-08-14,,TRUE,GBP,13300.0,CENTI,-31669,REDIRECT,46.785198,23.686199,RO,CLJ,55.950145,-3.372288,GB,EDI,1315.8098884810893
2022-02-05,IOS,CLJ,EDI,CLJ-EDI,1.0,0.0,ECONOMY,oneway,2022-08-21,,TRUE,GBP,13200.0,CENTI,-31669,REDIRECT,46.785198,23.686199,RO,CLJ,55.950145,-3.372288,GB,EDI,1315.8098884810893
2022-02-05,IOS,TFS,EDI,TFS-EDI,1.0,0.0,ECONOMY,oneway,2022-05-23,,TRUE,GBP,5200.0,CENTI,-31915,REDIRECT,28.0445,-16.5725,ES,TFS,55.950145,-3.372288,GB,EDI,2035.787369735759
2022-02-05,IOS,LIS,EDI,LIS-EDI,1.0,0.0,ECONOMY,oneway,2022-01-06,,TRUE,GBP,8500.0,CENTI,-32356,REDIRECT,38.7813,-9.13592,PT,LIS,55.950145,-3.372288,GB,EDI,1215.4967352872532
2022-02-05,IOS,LIS,EDI,LIS-EDI,1.0,0.0,ECONOMY,mutli_city,2022-08-20,2022-08-27,TRUE,EUR,18200.0,CENTI,-31915,REDIRECT,38.7813,-9.13592,PT,LIS,55.950145,-3.372288,GB,EDI,1215.4967352872532
2022-02-05,IOS,LIS,EDI,LIS-EDI,1.0,0.0,ECONOMY,mutli_city,2022-08-20,2022-08-27,TRUE,EUR,18200.0,CENTI,-31915,DIRECT_BOOKING,38.7813,-9.13592,PT,LIS,55.950145,-3.372288,GB,EDI,1215.4967352872532
2022-02-05,IOS,LIS,EDI,LIS-EDI,1.0,0.0,ECONOMY,oneway,2022-04-06,,TRUE,GBP,20700.0,CENTI,-31915,REDIRECT,38.7813,-9.13592,PT,LIS,55.950145,-3.372288,GB,EDI,1215.4967352872532
2022-02-05,IOS,LIS,EDI,LIS-EDI,1.0,0.0,ECONOMY,oneway,2022-04-06,,TRUE,GBP,20500.0,CENTI,-31915,REDIRECT,38.7813,-9.13592,PT,LIS,55.950145,-3.372288,GB,EDI,1215.4967352872532
2022-02-05,IOS,LIS,EDI,LIS-EDI,1.0,0.0,ECONOMY,oneway,2022-05-14,,TRUE,GBP,2200.0,CENTI,-31915,REDIRECT,38.7813,-9.13592,PT,LIS,55.950145,-3.372288,GB,EDI,1215.4967352872532
2022-02-05,IOS,LIS,EDI,LIS-EDI,1.0,0.0,ECONOMY,oneway,2022-06-23,,TRUE,KRW,9494400.0,CENTI,-31915,REDIRECT,38.7813,-9.13592,PT,LIS,55.950145,-3.372288,GB,EDI,1215.4967352872532
2022-02-05,IOS,CRL,EDI,CRL-EDI,1.0,0.0,ECONOMY,oneway,2022-05-19,,TRUE,GBP,800.0,CENTI,-31915,REDIRECT,50.459202,4.45382,BE,CRL,55.950145,-3.372288,GB,EDI,498.2124250756329
2022-02-05,IOS,CRL,EDI,CRL-EDI,1.0,0.0,ECONOMY,oneway,2022-06-19,,TRUE,GBP,1800.0,CENTI,-31915,REDIRECT,50.459202,4.45382,BE,CRL,55.950145,-3.372288,GB,EDI,498.2124250756329
2022-02-05,IOS,MRS,EDI,MRS-EDI,1.0,0.0,ECONOMY,oneway,2022-05-05,,TRUE,GBP,500.0,CENTI,-31915,REDIRECT,43.439271922,5.22142410278,FR,MRS,55.950145,-3.372288,GB,EDI,944.214965717433
2022-02-05,IOS,MRS,EDI,MRS-EDI,1.0,0.0,ECONOMY,oneway,2022-05-05,,TRUE,GBP,500.0,CENTI,-31915,DIRECT_BOOKING,43.439271922,5.22142410278,FR,MRS,55.950145,-3.372288,GB,EDI,944.214965717433
2022-02-05,IOS,MRS,EDI,MRS-EDI,1.0,0.0,ECONOMY,oneway,2022-09-19,,TRUE,EUR,3500.0,CENTI,-31915,REDIRECT,43.439271922,5.22142410278,FR,MRS,55.950145,-3.372288,GB,EDI,944.214965717433
2022-02-05,IOS,TRF,EDI,TRF-EDI,1.0,0.0,ECONOMY,oneway,2022-05-05,,TRUE,NOK,51500.0,CENTI,-31669,REDIRECT,59.1866989136,10.258600235,NO,TRF,55.950145,-3.372288,GB,EDI,551.0788651014668
2022-02-05,IOS,ZRH,EDI,ZRH-EDI,2.0,0.0,ECONOMY,return,2022-12-05,2022-05-15,TRUE,EUR,92900.0,CENTI,-32132,REDIRECT,47.458056,8.548056,CH,ZRH,55.950145,-3.372288,GB,EDI,775.5277084823931
2022-02-05,IOS,ZRH,EDI,ZRH-EDI,2.0,1.0,ECONOMY,return,2022-12-05,2022-05-15,TRUE,EUR,122100.0,CENTI,-32132,REDIRECT,47.458056,8.548056,CH,ZRH,55.950145,-3.372288,GB,EDI,775.5277084823931
2022-02-05,IOS,NAP,EDI,NAP-EDI,2.0,2.0,ECONOMY,return,2022-06-08,2022-08-20,TRUE,EUR,78800.0,CENTI,-31915,REDIRECT,40.886002,14.2908,IT,NAP,55.950145,-3.372288,GB,EDI,1310.8133342583244
2022-02-05,IOS,NAP,EDI,NAP-EDI,1.0,0.0,ECONOMY,return,2022-06-30,2022-04-07,TRUE,GBP,24000.0,CENTI,-32356,REDIRECT,40.886002,14.2908,IT,NAP,55.950145,-3.372288,GB,EDI,1310.8133342583244
2022-02-05,IOS,CGN,EDI,CGN-EDI,1.0,0.0,ECONOMY,oneway,2022-08-14,,TRUE,KRW,10572500.0,CENTI,-32332,REDIRECT,50.8658981323,7.1427397728,DE,CGN,55.950145,-3.372288,GB,EDI,556.628793543163
2022-02-05,IOS,CGN,EDI,CGN-EDI,1.0,0.0,ECONOMY,oneway,2022-08-14,,TRUE,KRW,10207500.0,CENTI,-32332,REDIRECT,50.8658981323,7.1427397728,DE,CGN,55.950145,-3.372288,GB,EDI,556.628793543163
2022-02-05,IOS,LCA,EDI,LCA-EDI,1.0,0.0,ECONOMY,return,2022-04-05,2022-11-05,TRUE,EUR,26500.0,CENTI,-32174,REDIRECT,34.875099,33.624901,CY,LCA,55.950145,-3.372288,GB,EDI,2265.8281337319763
2022-02-05,IOS,LCA,EDI,LCA-EDI,1.0,0.0,ECONOMY,return,2022-04-05,2022-11-05,TRUE,EUR,26500.0,CENTI,-32174,BOOK_WITH_SKYSCANNER,34.875099,33.624901,CY,LCA,55.950145,-3.372288,GB,EDI,2265.8281337319763
2022-02-05,IOS,OPO,EDI,OPO-EDI,2.0,0.0,ECONOMY,oneway,2022-05-14,,TRUE,GBP,5300.0,CENTI,-31915,REDIRECT,41.2481002808,-8.68138980865,PT,OPO,55.950145,-3.372288,GB,EDI,1043.6133807881774
2022-02-05,IOS,OPO,EDI,OPO-EDI,2.0,0.0,ECONOMY,oneway,2022-05-14,,TRUE,GBP,5300.0,CENTI,-31915,DIRECT_BOOKING,41.2481002808,-8.68138980865,PT,OPO,55.950145,-3.372288,GB,EDI,1043.6133807881774
2022-02-05,IOS,HAM,EDI,HAM-EDI,1.0,0.0,ECONOMY,oneway,2022-06-19,,TRUE,EUR,7400.0,CENTI,-32356,REDIRECT,53.630402,9.98823,DE,HAM,55.950145,-3.372288,GB,EDI,554.839475891725
2022-02-05,IOS,LPA,EDI,LPA-EDI,1.0,0.0,ECONOMY,oneway,2022-05-05,,TRUE,GBP,8000.0,CENTI,-31583,REDIRECT,27.9319,-15.3866,ES,LPA,55.950145,-3.372288,GB,EDI,2025.302756096395
2022-02-05,IOS,STN,EDI,STN-EDI,1.0,0.0,ECONOMY,return,2022-07-22,2022-07-24,TRUE,GBP,8700.0,CENTI,-32356,REDIRECT,51.8849983215,0.234999999404,GB,STN,55.950145,-3.372288,GB,EDI,316.81710840679165
2022-02-05,IOS,STN,EDI,STN-EDI,1.0,0.0,ECONOMY,return,2022-07-22,2022-07-24,TRUE,GBP,8700.0,CENTI,-32356,DIRECT_BOOKING,51.8849983215,0.234999999404,GB,STN,55.950145,-3.372288,GB,EDI,316.81710840679165
2022-02-05,IOS,OSL,EDI,OSL-EDI,1.0,0.0,ECONOMY,mutli_city,2022-06-15,2022-06-17,TRUE,NOK,106300.0,CENTI,-32013,REDIRECT,60.193901,11.1004,NO,OSL,55.950145,-3.372288,GB,EDI,602.874579913604
2022-02-05,IOS,DPS,EDI,DPS-EDI,2.0,0.0,ECONOMY,oneway,2022-06-16,,TRUE,GBP,103300.0,CENTI,-31757,REDIRECT,-8.7481698989868,115.16699981689,ID,DPS,55.950145,-3.372288,GB,EDI,7806.171014802676
2022-02-05,IOS,BLL,EDI,BLL-EDI,1.0,0.0,ECONOMY,return,2022-03-06,2022-06-06,TRUE,DKK,28300.0,CENTI,-31915,REDIRECT,55.7402992249,9.15178012848,DK,BLL,55.950145,-3.372288,GB,EDI,485.3744725089983
2022-02-05,IOS,BLL,EDI,BLL-EDI,1.0,0.0,ECONOMY,return,2022-03-06,2022-06-06,TRUE,DKK,28300.0,CENTI,-31915,DIRECT_BOOKING,55.7402992249,9.15178012848,DK,BLL,55.950145,-3.372288,GB,EDI,485.3744725089983
2022-02-05,IOS,BLL,EDI,BLL-EDI,1.0,0.0,ECONOMY,return,2022-05-05,2022-09-05,TRUE,CAD,2900.0,CENTI,-31915,REDIRECT,55.7402992249,9.15178012848,DK,BLL,55.950145,-3.372288,GB,EDI,485.3744725089983
2022-02-05,IOS,VLC,EDI,VLC-EDI,1.0,0.0,ECONOMY,return,2022-08-16,2022-08-23,TRUE,EUR,17100.0,CENTI,-31915,REDIRECT,39.4893,-0.481625,ES,VLC,55.950145,-3.372288,GB,EDI,1144.9924548399279
2022-02-05,IOS,VLC,EDI,VLC-EDI,2.0,0.0,ECONOMY,return,2022-08-16,2022-08-23,TRUE,EUR,31800.0,CENTI,-31915,REDIRECT,39.4893,-0.481625,ES,VLC,55.950145,-3.372288,GB,EDI,1144.9924548399279
2022-02-05,IOS,VLC,EDI,VLC-EDI,2.0,0.0,ECONOMY,return,2022-08-16,2022-08-23,TRUE,EUR,31800.0,CENTI,-31915,DIRECT_BOOKING,39.4893,-0.481625,ES,VLC,55.950145,-3.372288,GB,EDI,1144.9924548399279
2022-02-05,IOS,FKB,EDI,FKB-EDI,1.0,0.0,ECONOMY,oneway,2022-03-06,,TRUE,EUR,18200.0,CENTI,-30823,REDIRECT,48.7794,8.0805,DE,FKB,55.950145,-3.372288,GB,EDI,690.3799023285051
2022-02-05,IOS,PSA,EDI,PSA-EDI,1.0,0.0,ECONOMY,return,2022-12-05,2022-05-15,TRUE,EUR,4000.0,CENTI,-31915,REDIRECT,43.683899,10.3927,IT,PSA,55.950145,-3.372288,GB,EDI,1042.257679865897
2022-02-05,IOS,BSL,EDI,BSL-EDI,1.0,0.0,ECONOMY,return,2022-05-15,2022-05-18,TRUE,EUR,8900.0,CENTI,-32356,REDIRECT,47.59,7.529167,FR,BSL,55.950145,-3.372288,GB,EDI,740.4440365335254
2022-02-05,IOS,VNO,EDI,VNO-EDI,1.0,0.0,ECONOMY,oneway,2022-06-15,,TRUE,GBP,4700.0,CENTI,-30821,REDIRECT,54.634102,25.285801,LT,VNO,55.950145,-3.372288,GB,EDI,1122.9639749136127
2022-02-05,IOS,ORK,EDI,ORK-EDI,1.0,0.0,ECONOMY,oneway,2022-06-17,,TRUE,EUR,600.0,CENTI,-31915,REDIRECT,51.841301,-8.49111,IE,ORK,55.950145,-3.372288,GB,EDI,351.97533784087204
2022-02-05,IOS,ORK,EDI,ORK-EDI,1.0,0.0,ECONOMY,oneway,2022-06-17,,TRUE,EUR,600.0,CENTI,-31915,DIRECT_BOOKING,51.841301,-8.49111,IE,ORK,55.950145,-3.372288,GB,EDI,351.97533784087204
2022-02-05,IOS,ORK,EDI,ORK-EDI,1.0,0.0,ECONOMY,return,2022-07-28,2022-01-08,TRUE,EUR,6200.0,CENTI,-31915,REDIRECT,51.841301,-8.49111,IE,ORK,55.950145,-3.372288,GB,EDI,351.97533784087204
2022-02-05,IOS,BLQ,EDI,BLQ-EDI,1.0,0.0,ECONOMY,return,2022-06-16,2022-06-21,TRUE,EUR,14400.0,CENTI,-31915,REDIRECT,44.5354,11.2887,IT,BLQ,55.950145,-3.372288,GB,EDI,1016.3373939648944
2022-02-05,IOS,GDN,EDI,GDN-EDI,2.0,0.0,ECONOMY,oneway,2022-03-05,,TRUE,GBP,10000.0,CENTI,-30821,REDIRECT,54.37760162353516,18.46619987487793,PL,GDN,55.950145,-3.372288,GB,EDI,865.0571037712249
2022-02-05,IOS,GDN,EDI,GDN-EDI,2.0,0.0,ECONOMY,oneway,2022-03-05,,TRUE,GBP,10000.0,CENTI,-30821,DIRECT_BOOKING,54.37760162353516,18.46619987487793,PL,GDN,55.950145,-3.372288,GB,EDI,865.0571037712249
2022-02-05,IOS,LHR,INV,LOND-INV,1.0,0.0,ECONOMY,return,2022-05-05,2022-08-05,TRUE,GBP,14300.0,CENTI,-32356,REDIRECT,51.4706,-0.461941,GB,LHR,57.54249954223633,-4.047500133514404,GB,INV,443.34593776376227
2022-02-05,IOS,LHR,INV,LOND-INV,1.0,0.0,ECONOMY,return,2022-09-09,2022-09-14,TRUE,GBP,6300.0,CENTI,-32356,REDIRECT,51.4706,-0.461941,GB,LHR,57.54249954223633,-4.047500133514404,GB,INV,443.34593776376227
2022-02-05,IOS,LHR,INV,LOND-INV,1.0,0.0,ECONOMY,return,2022-01-06,2022-06-06,TRUE,GBP,15300.0,CENTI,-32356,REDIRECT,51.4706,-0.461941,GB,LHR,57.54249954223633,-4.047500133514404,GB,INV,443.34593776376227
2022-02-05,IOS,LHR,INV,LOND-INV,2.0,1.0,ECONOMY,return,2022-09-09,2022-09-14,TRUE,GBP,18200.0,CENTI,-32356,REDIRECT,51.4706,-0.461941,GB,LHR,57.54249954223633,-4.047500133514404,GB,INV,443.34593776376227
2022-02-05,IOS,LHR,INV,LOND-INV,2.0,1.0,ECONOMY,return,2022-09-09,2022-09-14,TRUE,GBP,18200.0,CENTI,-32356,DIRECT_BOOKING,51.4706,-0.461941,GB,LHR,57.54249954223633,-4.047500133514404,GB,INV,443.34593776376227
2022-02-05,IOS,LHR,INV,LOND-INV,1.0,0.0,ECONOMY,oneway,2022-05-30,,TRUE,THB,168200.0,CENTI,-32356,REDIRECT,51.4706,-0.461941,GB,LHR,57.54249954223633,-4.047500133514404,GB,INV,443.34593776376227
2022-02-05,IOS,LHR,INV,LOND-INV,1.0,0.0,ECONOMY,return,2022-09-09,2022-09-15,TRUE,GBP,4100.0,CENTI,-32356,REDIRECT,51.4706,-0.461941,GB,LHR,57.54249954223633,-4.047500133514404,GB,INV,443.34593776376227
2022-02-05,IOS,LHR,INV,LOND-INV,1.0,0.0,ECONOMY,return,2022-09-09,2022-09-15,TRUE,GBP,4100.0,CENTI,-32356,DIRECT_BOOKING,51.4706,-0.461941,GB,LHR,57.54249954223633,-4.047500133514404,GB,INV,443.34593776376227
2022-02-05,IOS,LHR,INV,LOND-INV,1.0,0.0,ECONOMY,oneway,2022-08-07,,TRUE,KYD,8600.0,CENTI,-32356,REDIRECT,51.4706,-0.461941,GB,LHR,57.54249954223633,-4.047500133514404,GB,INV,443.34593776376227
2022-02-05,IOS,LGW,INV,LGW-INV,1.0,0.0,ECONOMY,return,2022-07-06,2022-06-13,TRUE,GBP,5200.0,CENTI,-32356,DIRECT_BOOKING,51.148102,-0.190278,GB,LGW,57.54249954223633,-4.047500133514404,GB,INV,468.13720294710856
2022-02-05,IOS,LGW,INV,LGW-INV,1.0,0.0,ECONOMY,return,2022-07-06,2022-06-13,TRUE,GBP,5200.0,CENTI,-32356,REDIRECT,51.148102,-0.190278,GB,LGW,57.54249954223633,-4.047500133514404,GB,INV,468.13720294710856
2022-02-05,IOS,LGW,INV,LGW-INV,2.0,0.0,ECONOMY,return,2022-07-06,2022-06-13,TRUE,GBP,12200.0,CENTI,-32356,REDIRECT,51.148102,-0.190278,GB,LGW,57.54249954223633,-4.047500133514404,GB,INV,468.13720294710856
2022-02-05,IOS,LGW,INV,LGW-INV,2.0,0.0,ECONOMY,return,2022-07-06,2022-06-13,TRUE,GBP,12200.0,CENTI,-32356,DIRECT_BOOKING,51.148102,-0.190278,GB,LGW,57.54249954223633,-4.047500133514404,GB,INV,468.13720294710856
2022-02-05,IOS,ALC,INV,ALC-INV,1.0,0.0,ECONOMY,oneway,2022-05-30,,TRUE,GBP,7700.0,CENTI,-31915,REDIRECT,38.2822,-0.558156,ES,ALC,57.54249954223633,-4.047500133514404,GB,INV,1340.101242773877
2022-02-05,IOS,ALC,INV,ALC-INV,1.0,0.0,ECONOMY,oneway,2022-05-30,,TRUE,GBP,8300.0,CENTI,-31915,REDIRECT,38.2822,-0.558156,ES,ALC,57.54249954223633,-4.047500133514404,GB,INV,1340.101242773877
2022-02-05,IOS,LIS,INV,LIS-INV,1.0,0.0,ECONOMY,oneway,2022-02-05,,TRUE,GBP,26200.0,CENTI,-32356,REDIRECT,38.7813,-9.13592,PT,LIS,57.54249954223633,-4.047500133514404,GB,INV,1316.4185466928732
2022-02-05,IOS,LBA,INV,LBA-INV,1.0,0.0,ECONOMY,return,2022-05-19,2022-05-22,TRUE,GBP,29200.0,CENTI,-32302,REDIRECT,53.865898,-1.66057,GB,LBA,57.54249954223633,-4.047500133514404,GB,INV,270.4501581931704
2022-02-05,IOS,EMA,INV,EMA-INV,1.0,0.0,ECONOMY,return,2022-05-23,2022-05-30,TRUE,GBP,11300.0,CENTI,-31915,REDIRECT,52.8311,-1.32806,GB,EMA,57.54249954223633,-4.047500133514404,GB,INV,342.67521378345236
2022-02-05,IOS,STN,INV,STN-INV,1.0,0.0,ECONOMY,return,2022-08-22,2022-08-28,TRUE,AUD,48400.0,CENTI,-31915,REDIRECT,51.8849983215,0.234999999404,GB,STN,57.54249954223633,-4.047500133514404,GB,INV,426.427387521388
2022-02-05,IOS,LHR,ABZ,LHR-ABZ,1.0,0.0,ECONOMY,oneway,2022-05-14,,TRUE,GBP,20700.0,CENTI,-32480,REDIRECT,51.4706,-0.461941,GB,LHR,57.2019,-2.19778,GB,ABZ,402.0865570625206
2022-02-05,IOS,LHR,ABZ,LHR-ABZ,1.0,0.0,ECONOMY,oneway,2022-05-14,,TRUE,GBP,20700.0,CENTI,-32480,DIRECT_BOOKING,51.4706,-0.461941,GB,LHR,57.2019,-2.19778,GB,ABZ,402.0865570625206
2022-02-05,IOS,LHR,ABZ,LHR-ABZ,1.0,0.0,ECONOMY,oneway,2022-05-14,,TRUE,GBP,20700.0,CENTI,-32480,BOOK_WITH_SKYSCANNER,51.4706,-0.461941,GB,LHR,57.2019,-2.19778,GB,ABZ,402.0865570625206
2021-03-05,IOS,LHR,ABZ,LHR-ABZ,1.0,0.0,ECONOMY,return,2021-07-06,2021-11-06,TRUE,GBP,17200.0,CENTI,-32480,REDIRECT,51.4706,-0.461941,GB,LHR,57.2019,-2.19778,GB,ABZ,402.0865570625206
2022-02-05,IOS,LHR,ABZ,LOND-ABZ,1.0,0.0,ECONOMY,oneway,2022-09-05,,TRUE,GBP,6200.0,CENTI,-32356,REDIRECT,51.4706,-0.461941,GB,LHR,57.2019,-2.19778,GB,ABZ,402.0865570625206
2022-02-05,IOS,LHR,ABZ,LOND-ABZ,1.0,0.0,ECONOMY,oneway,2022-09-05,,TRUE,GBP,6200.0,CENTI,-32356,DIRECT_BOOKING,51.4706,-0.461941,GB,LHR,57.2019,-2.19778,GB,ABZ,402.0865570625206
2022-02-05,IOS,LHR,ABZ,LOND-ABZ,1.0,0.0,ECONOMY,oneway,2022-03-05,,TRUE,GBP,13100.0,CENTI,-32480,REDIRECT,51.4706,-0.461941,GB,LHR,57.2019,-2.19778,GB,ABZ,402.0865570625206
2022-02-05,IOS,LHR,ABZ,LOND-ABZ,1.0,0.0,ECONOMY,oneway,2022-03-05,,TRUE,GBP,13100.0,CENTI,-32480,BOOK_WITH_SKYSCANNER,51.4706,-0.461941,GB,LHR,57.2019,-2.19778,GB,ABZ,402.0865570625206
2022-02-05,IOS,LHR,ABZ,LOND-ABZ,1.0,0.0,ECONOMY,oneway,2022-03-05,,TRUE,GBP,13100.0,CENTI,-32480,DIRECT_BOOKING,51.4706,-0.461941,GB,LHR,57.2019,-2.19778,GB,ABZ,402.0865570625206
2022-02-05,IOS,LHR,ABZ,LOND-ABZ,2.0,0.0,ECONOMY,oneway,2022-02-03,,TRUE,GBP,9400.0,CENTI,-32356,REDIRECT,51.4706,-0.461941,GB,LHR,57.2019,-2.19778,GB,ABZ,402.0865570625206
2022-02-05,IOS,LHR,ABZ,LOND-ABZ,2.0,0.0,ECONOMY,oneway,2022-02-03,,TRUE,GBP,9400.0,CENTI,-32356,DIRECT_BOOKING,51.4706,-0.461941,GB,LHR,57.2019,-2.19778,GB,ABZ,402.0865570625206
2022-02-05,IOS,LHR,ABZ,LHR-ABZ,1.0,0.0,ECONOMY,oneway,2022-05-05,,TRUE,GBP,21200.0,CENTI,-32480,REDIRECT,51.4706,-0.461941,GB,LHR,57.2019,-2.19778,GB,ABZ,402.0865570625206
2022-02-05,IOS,LHR,ABZ,LHR-ABZ,1.0,0.0,ECONOMY,oneway,2022-05-05,,TRUE,GBP,21200.0,CENTI,-32480,BOOK_WITH_SKYSCANNER,51.4706,-0.461941,GB,LHR,57.2019,-2.19778,GB,ABZ,402.0865570625206
2022-02-05,IOS,LHR,ABZ,LHR-ABZ,1.0,0.0,ECONOMY,oneway,2022-05-05,,TRUE,GBP,21200.0,CENTI,-32480,DIRECT_BOOKING,51.4706,-0.461941,GB,LHR,57.2019,-2.19778,GB,ABZ,402.0865570625206
2020-04-05,IOS,SYD,ABZ,SYD-ABZ,1.0,0.0,ECONOMY,return,2020-10-18,2020-11-21,TRUE,AUD,156600.0,CENTI,-31939,REDIRECT,-33.94609832763672,151.177001953125,AU,SYD,57.2019,-2.19778,GB,ABZ,10404.551257018296
2021-03-05,IOS,MAN,ABZ,MAN-ABZ,1.0,0.0,ECONOMY,return,2021-05-25,2021-05-28,TRUE,GBP,22700.0,CENTI,-32094,DIRECT_BOOKING,53.349375,-2.279521,GB,MAN,57.2019,-2.19778,GB,ABZ,266.2035136543084
2021-03-05,IOS,MAN,ABZ,MAN-ABZ,1.0,0.0,ECONOMY,return,2021-05-25,2021-05-28,TRUE,GBP,22700.0,CENTI,-32094,REDIRECT,53.349375,-2.279521,GB,MAN,57.2019,-2.19778,GB,ABZ,266.2035136543084
2021-03-05,IOS,MAN,ABZ,MAN-ABZ,1.0,0.0,ECONOMY,return,2021-05-25,2021-05-28,TRUE,GBP,22700.0,CENTI,-32094,BOOK_WITH_SKYSCANNER,53.349375,-2.279521,GB,MAN,57.2019,-2.19778,GB,ABZ,266.2035136543084
2022-02-05,IOS,AGP,ABZ,AGP-ABZ,1.0,0.0,ECONOMY,oneway,2022-07-25,,TRUE,GBP,15200.0,CENTI,-32356,REDIRECT,36.6749,-4.49911,ES,AGP,57.2019,-2.19778,GB,ABZ,1422.2312912619861
2022-02-05,IOS,AGP,ABZ,AGP-ABZ,1.0,0.0,ECONOMY,oneway,2022-11-05,,TRUE,GBP,10500.0,CENTI,-32356,REDIRECT,36.6749,-4.49911,ES,AGP,57.2019,-2.19778,GB,ABZ,1422.2312912619861
2022-02-05,IOS,SOU,ABZ,SOU-ABZ,1.0,0.0,ECONOMY,return,2022-05-06,2022-09-06,TRUE,GBP,25800.0,CENTI,-32094,BOOK_WITH_SKYSCANNER,50.950298,-1.3568,GB,SOU,57.2019,-2.19778,GB,ABZ,433.27885858052014
2022-02-05,IOS,SOU,ABZ,SOU-ABZ,1.0,0.0,ECONOMY,return,2022-05-06,2022-09-06,TRUE,GBP,25800.0,CENTI,-32094,REDIRECT,50.950298,-1.3568,GB,SOU,57.2019,-2.19778,GB,ABZ,433.27885858052014
2022-02-05,IOS,SOU,ABZ,SOU-ABZ,1.0,0.0,ECONOMY,return,2022-05-06,2022-09-06,TRUE,GBP,25800.0,CENTI,-32094,DIRECT_BOOKING,50.950298,-1.3568,GB,SOU,57.2019,-2.19778,GB,ABZ,433.27885858052014
2022-02-05,IOS,LIS,ABZ,LIS-ABZ,1.0,0.0,ECONOMY,oneway,2022-02-05,,TRUE,GBP,29600.0,CENTI,-32356,REDIRECT,38.7813,-9.13592,PT,LIS,57.2019,-2.19778,GB,ABZ,1310.9288742970693
2021-03-05,IOS,LHR,GLA,LHR-GLA,1.0,0.0,ECONOMY,oneway,2021-03-05,,TRUE,GBP,30100.0,CENTI,-32480,REDIRECT,51.4706,-0.461941,GB,LHR,55.871899,-4.43306,GB,GLA,344.6834453230778
2022-02-05,IOS,LHR,GLA,LHR-GLA,1.0,0.0,ECONOMY,oneway,2022-04-05,,TRUE,MYR,227000.0,CENTI,-32480,REDIRECT,51.4706,-0.461941,GB,LHR,55.871899,-4.43306,GB,GLA,344.6834453230778
2022-02-05,IOS,LGW,GLA,LGW-GLA,1.0,0.0,ECONOMY,return,2022-05-13,2022-05-16,TRUE,GBP,6200.0,CENTI,-32356,REDIRECT,51.148102,-0.190278,GB,LGW,55.871899,-4.43306,GB,GLA,369.8600254128577
2022-02-05,IOS,LGW,GLA,LGW-GLA,1.0,0.0,ECONOMY,return,2022-05-13,2022-05-16,TRUE,GBP,6200.0,CENTI,-32356,DIRECT_BOOKING,51.148102,-0.190278,GB,LGW,55.871899,-4.43306,GB,GLA,369.8600254128577
2022-02-05,IOS,BHX,GLA,BHX-GLA,1.0,0.0,ECONOMY,oneway,2022-09-05,,TRUE,GBP,3800.0,CENTI,-32356,REDIRECT,52.4538993835,-1.74802994728,GB,BHX,55.871899,-4.43306,GB,GLA,259.8939648824745
2022-02-05,IOS,BCN,GLA,BCN-GLA,2.0,0.0,ECONOMY,oneway,2022-08-05,,TRUE,GBP,24300.0,CENTI,-31915,REDIRECT,41.2971,2.07846,ES,BCN,55.871899,-4.43306,GB,GLA,1048.9462098943834
2022-02-05,IOS,ACE,GLA,ACE-GLA,1.0,0.0,ECONOMY,oneway,2022-08-05,,TRUE,GBP,4700.0,CENTI,-31762,REDIRECT,28.945499,-13.6052,ES,ACE,55.871899,-4.43306,GB,GLA,1914.5869726635592
2022-02-05,IOS,ACE,GLA,ACE-GLA,2.0,0.0,ECONOMY,oneway,2022-08-05,,TRUE,GBP,9400.0,CENTI,-31762,REDIRECT,28.945499,-13.6052,ES,ACE,55.871899,-4.43306,GB,GLA,1914.5869726635592
2022-02-05,IOS,AGP,GLA,AGP-GLA,2.0,0.0,ECONOMY,return,2022-03-05,2022-04-05,TRUE,GBP,20300.0,CENTI,-32356,REDIRECT,36.6749,-4.49911,ES,AGP,55.871899,-4.43306,GB,GLA,1326.389905698594
2022-02-05,IOS,TFS,PIK,TFS-PIK,2.0,0.0,ECONOMY,oneway,2022-03-05,,TRUE,GBP,6500.0,CENTI,-31915,REDIRECT,28.0445,-16.5725,ES,TFS,55.502003,-4.587019,GB,PIK,1988.6637060206785
2022-02-05,IOS,LPA,PIK,LPA-PIK,1.0,0.0,ECONOMY,oneway,2022-10-07,,TRUE,GBP,3600.0,CENTI,-31915,REDIRECT,27.9319,-15.3866,ES,LPA,55.502003,-4.587019,GB,PIK,1979.3813319808148
2022-02-05,IOS,LPA,PIK,LPA-PIK,1.0,0.0,ECONOMY,oneway,2022-10-07,,TRUE,GBP,3600.0,CENTI,-31915,DIRECT_BOOKING,27.9319,-15.3866,ES,LPA,55.502003,-4.587019,GB,PIK,1979.3813319808148
